-- 초기화 스크립트

-- --USER초기화
-- INSERT INTO USER(USER_ID, EMAIL, PASSWORD, PHONE_NUMBER, CREATED_AT, UPDATED_AT) VALUES(1, 'test1@gmail.com', '@test1234', '010-1111-2222', '2022-04-14 01:04:02.373488', '2022-04-14 01:04:02.373488');
-- INSERT INTO USER(USER_ID, EMAIL, PASSWORD, PHONE_NUMBER, CREATED_AT, UPDATED_AT) VALUES(2, 'test2@gmail.com', '@test1235', '010-1111-2223', '2022-04-14 01:04:02.373488', '2022-04-14 01:04:02.373488');

--GOODS 초기화
INSERT INTO GOODS(GOODS_ID, GOODS_NAME, GOODS_PRICE, GOODS_PRICE1, GOODS_PRICE2, GOODS_PRICE3, STORAGE_REFERENCE_DATE, VIEWS1, VIEWS2, VIEWS3) VALUES(1, '이승기 LP 1집', 50000, 50000 ,50000 ,50000, '2022-12-12', 10 ,11 ,11);
INSERT INTO GOODS(GOODS_ID, GOODS_NAME, GOODS_PRICE, GOODS_PRICE1, GOODS_PRICE2, GOODS_PRICE3, STORAGE_REFERENCE_DATE, VIEWS1, VIEWS2, VIEWS3) VALUES(2, '잔나비 LP 1집', 50000, 50000 ,50000 ,50000, '2022-12-12', 10 ,11 ,11);
INSERT INTO GOODS(GOODS_ID, GOODS_NAME, GOODS_PRICE, GOODS_PRICE1, GOODS_PRICE2, GOODS_PRICE3, STORAGE_REFERENCE_DATE, VIEWS1, VIEWS2, VIEWS3) VALUES(3, '혁오 LP 1집', 50000, 50000 ,50000 ,50000, '2022-12-12', 10 ,11 ,11);
INSERT INTO GOODS(GOODS_ID, GOODS_NAME, GOODS_PRICE, GOODS_PRICE1, GOODS_PRICE2, GOODS_PRICE3, STORAGE_REFERENCE_DATE, VIEWS1, VIEWS2, VIEWS3) VALUES(4, '브라운아이드소울 LP 3집', 50000, 50000 ,50000 ,50000, '2022-12-12', 10 ,11 ,11);
INSERT INTO GOODS(GOODS_ID, GOODS_NAME, GOODS_PRICE, GOODS_PRICE1, GOODS_PRICE2, GOODS_PRICE3, STORAGE_REFERENCE_DATE, VIEWS1, VIEWS2, VIEWS3) VALUES(5, '윤하 LP 2집', 50000, 50000 ,50000 ,50000, '2022-12-12', 10 ,11 ,11);
INSERT INTO GOODS(GOODS_ID, GOODS_NAME, GOODS_PRICE, GOODS_PRICE1, GOODS_PRICE2, GOODS_PRICE3, STORAGE_REFERENCE_DATE, VIEWS1, VIEWS2, VIEWS3) VALUES(6, '태연 LP 3집', 50000, 50000 ,50000 ,50000, '2022-12-12', 10 ,11 ,11);
INSERT INTO GOODS(GOODS_ID, GOODS_NAME, GOODS_PRICE, GOODS_PRICE1, GOODS_PRICE2, GOODS_PRICE3, STORAGE_REFERENCE_DATE, VIEWS1, VIEWS2, VIEWS3) VALUES(7, '하이라이트 윤두준 포카', 2000, 2000 ,2000 ,2000, '2022-12-12', 10 ,11 ,11);
INSERT INTO GOODS(GOODS_ID, GOODS_NAME, GOODS_PRICE, GOODS_PRICE1, GOODS_PRICE2, GOODS_PRICE3, STORAGE_REFERENCE_DATE, VIEWS1, VIEWS2, VIEWS3) VALUES(8, '하이라이트 양요섭 포카', 2000, 2000 ,2000 ,2000, '2022-12-12', 10 ,11 ,11);
INSERT INTO GOODS(GOODS_ID, GOODS_NAME, GOODS_PRICE, GOODS_PRICE1, GOODS_PRICE2, GOODS_PRICE3, STORAGE_REFERENCE_DATE, VIEWS1, VIEWS2, VIEWS3) VALUES(9, '하이라이트 이기광 포카', 2000, 2000 ,2000 ,2000, '2022-12-12', 10 ,11 ,11);
INSERT INTO GOODS(GOODS_ID, GOODS_NAME, GOODS_PRICE, GOODS_PRICE1, GOODS_PRICE2, GOODS_PRICE3, STORAGE_REFERENCE_DATE, VIEWS1, VIEWS2, VIEWS3) VALUES(10, '하이라이트 손동운 포카', 2000, 2000 ,2000 ,2000, '2022-12-12', 10 ,11 ,11);
INSERT INTO GOODS(GOODS_ID, GOODS_NAME, GOODS_PRICE, GOODS_PRICE1, GOODS_PRICE2, GOODS_PRICE3, STORAGE_REFERENCE_DATE, VIEWS1, VIEWS2, VIEWS3) VALUES(11, '뉴진스 하니 포카', 2000, 2000 ,2000 ,2000, '2022-12-12', 10 ,11 ,11);
INSERT INTO GOODS(GOODS_ID, GOODS_NAME, GOODS_PRICE, GOODS_PRICE1, GOODS_PRICE2, GOODS_PRICE3, STORAGE_REFERENCE_DATE, VIEWS1, VIEWS2, VIEWS3) VALUES(12, '뉴진스 해린 포카', 2000, 2000 ,2000 ,2000, '2022-12-12', 10 ,11 ,11);
INSERT INTO GOODS(GOODS_ID, GOODS_NAME, GOODS_PRICE, GOODS_PRICE1, GOODS_PRICE2, GOODS_PRICE3, STORAGE_REFERENCE_DATE, VIEWS1, VIEWS2, VIEWS3) VALUES(13, '뉴진스 민지 포카', 2000, 2000 ,2000 ,2000, '2022-12-12', 10 ,11 ,11);
INSERT INTO GOODS(GOODS_ID, GOODS_NAME, GOODS_PRICE, GOODS_PRICE1, GOODS_PRICE2, GOODS_PRICE3, STORAGE_REFERENCE_DATE, VIEWS1, VIEWS2, VIEWS3) VALUES(14, '뉴진스 혜인 포카', 2000, 2000 ,2000 ,2000, '2022-12-12', 10 ,11 ,11);
INSERT INTO GOODS(GOODS_ID, GOODS_NAME, GOODS_PRICE, GOODS_PRICE1, GOODS_PRICE2, GOODS_PRICE3, STORAGE_REFERENCE_DATE, VIEWS1, VIEWS2, VIEWS3) VALUES(15, '뉴진스 다니엘 포카', 2000, 2000 ,2000 ,2000, '2022-12-12', 10 ,11 ,11);
INSERT INTO GOODS(GOODS_ID, GOODS_NAME, GOODS_PRICE, GOODS_PRICE1, GOODS_PRICE2, GOODS_PRICE3, STORAGE_REFERENCE_DATE, VIEWS1, VIEWS2, VIEWS3) VALUES(16, '포켓몬 파이리 스티커', 1000, 1000 ,1000 ,1000, '2022-12-12', 10 ,11 ,11);
INSERT INTO GOODS(GOODS_ID, GOODS_NAME, GOODS_PRICE, GOODS_PRICE1, GOODS_PRICE2, GOODS_PRICE3, STORAGE_REFERENCE_DATE, VIEWS1, VIEWS2, VIEWS3) VALUES(17, '포켓몬 이상해씨 스티커', 1000, 1000 ,1000 ,1000, '2022-12-12', 10 ,11 ,11);
INSERT INTO GOODS(GOODS_ID, GOODS_NAME, GOODS_PRICE, GOODS_PRICE1, GOODS_PRICE2, GOODS_PRICE3, STORAGE_REFERENCE_DATE, VIEWS1, VIEWS2, VIEWS3) VALUES(18, '포켓몬 피카츄 스티커', 1000, 1000 ,1000 ,1000, '2022-12-12', 10 ,11 ,11);
INSERT INTO GOODS(GOODS_ID, GOODS_NAME, GOODS_PRICE, GOODS_PRICE1, GOODS_PRICE2, GOODS_PRICE3, STORAGE_REFERENCE_DATE, VIEWS1, VIEWS2, VIEWS3) VALUES(19, '포켓몬 뮤 스티커', 1000, 1000 ,1000 ,1000, '2022-12-12', 10 ,11 ,11);
INSERT INTO GOODS(GOODS_ID, GOODS_NAME, GOODS_PRICE, GOODS_PRICE1, GOODS_PRICE2, GOODS_PRICE3, STORAGE_REFERENCE_DATE, VIEWS1, VIEWS2, VIEWS3) VALUES(20, '포켓몬 잠만보 스티커', 1000, 1000 ,1000 ,1000, '2022-12-12', 10 ,11 ,11);
INSERT INTO GOODS(GOODS_ID, GOODS_NAME, GOODS_PRICE, GOODS_PRICE1, GOODS_PRICE2, GOODS_PRICE3, STORAGE_REFERENCE_DATE, VIEWS1, VIEWS2, VIEWS3) VALUES(21, '포켓몬 메타몽 스티커', 1000, 1000 ,1000 ,1000, '2022-12-12', 10 ,11 ,11);
INSERT INTO GOODS(GOODS_ID, GOODS_NAME, GOODS_PRICE, GOODS_PRICE1, GOODS_PRICE2, GOODS_PRICE3, STORAGE_REFERENCE_DATE, VIEWS1, VIEWS2, VIEWS3) VALUES(22, '포켓몬 두두 스티커', 1000, 1000 ,1000 ,1000, '2022-12-12', 10 ,11 ,11);
INSERT INTO GOODS(GOODS_ID, GOODS_NAME, GOODS_PRICE, GOODS_PRICE1, GOODS_PRICE2, GOODS_PRICE3, STORAGE_REFERENCE_DATE, VIEWS1, VIEWS2, VIEWS3) VALUES(23, '포켓몬 꼬부기 스티커', 1000, 1000 ,1000 ,1000, '2022-12-12', 10 ,11 ,11);
INSERT INTO GOODS(GOODS_ID, GOODS_NAME, GOODS_PRICE, GOODS_PRICE1, GOODS_PRICE2, GOODS_PRICE3, STORAGE_REFERENCE_DATE, VIEWS1, VIEWS2, VIEWS3) VALUES(24, '아이브 장원영 포카', 2000, 2000 ,2000 ,2000, '2022-12-12', 10 ,11 ,11);
INSERT INTO GOODS(GOODS_ID, GOODS_NAME, GOODS_PRICE, GOODS_PRICE1, GOODS_PRICE2, GOODS_PRICE3, STORAGE_REFERENCE_DATE, VIEWS1, VIEWS2, VIEWS3) VALUES(25, '아이브 레이 포카', 2000, 2000 ,2000 ,2000, '2022-12-12', 10 ,11 ,11);
INSERT INTO GOODS(GOODS_ID, GOODS_NAME, GOODS_PRICE, GOODS_PRICE1, GOODS_PRICE2, GOODS_PRICE3, STORAGE_REFERENCE_DATE, VIEWS1, VIEWS2, VIEWS3) VALUES(26, '아이브 리즈 포카', 2000, 2000 ,2000 ,2000, '2022-12-12', 10 ,11 ,11);
INSERT INTO GOODS(GOODS_ID, GOODS_NAME, GOODS_PRICE, GOODS_PRICE1, GOODS_PRICE2, GOODS_PRICE3, STORAGE_REFERENCE_DATE, VIEWS1, VIEWS2, VIEWS3) VALUES(27, '아이브 가을 포카', 2000, 2000 ,2000 ,2000, '2022-12-12', 10 ,11 ,11);
INSERT INTO GOODS(GOODS_ID, GOODS_NAME, GOODS_PRICE, GOODS_PRICE1, GOODS_PRICE2, GOODS_PRICE3, STORAGE_REFERENCE_DATE, VIEWS1, VIEWS2, VIEWS3) VALUES(28, '아이브 이서 포카', 2000, 2000 ,2000 ,2000, '2022-12-12', 10 ,11 ,11);
INSERT INTO GOODS(GOODS_ID, GOODS_NAME, GOODS_PRICE, GOODS_PRICE1, GOODS_PRICE2, GOODS_PRICE3, STORAGE_REFERENCE_DATE, VIEWS1, VIEWS2, VIEWS3) VALUES(29, '잔나비 LP 2집', 50000, 50000 ,50000 ,50000, '2022-12-12', 10 ,11 ,11);
INSERT INTO GOODS(GOODS_ID, GOODS_NAME, GOODS_PRICE, GOODS_PRICE1, GOODS_PRICE2, GOODS_PRICE3, STORAGE_REFERENCE_DATE, VIEWS1, VIEWS2, VIEWS3) VALUES(30, '조이 LP', 50000, 50000 ,50000 ,50000, '2022-12-12', 10 ,11 ,11);
INSERT INTO GOODS(GOODS_ID, GOODS_NAME, GOODS_PRICE, GOODS_PRICE1, GOODS_PRICE2, GOODS_PRICE3, STORAGE_REFERENCE_DATE, VIEWS1, VIEWS2, VIEWS3) VALUES(31, '세븐틴 조슈아 포카', 2000, 2000 ,2000 ,2000, '2022-12-12', 10 ,11 ,11);
INSERT INTO GOODS(GOODS_ID, GOODS_NAME, GOODS_PRICE, GOODS_PRICE1, GOODS_PRICE2, GOODS_PRICE3, STORAGE_REFERENCE_DATE, VIEWS1, VIEWS2, VIEWS3) VALUES(32, '세븐틴 민규 포카', 2000, 2000 ,2000 ,2000, '2022-12-12', 10 ,11 ,11);



--CATEGORY 초기화
INSERT INTO CATEGORY(CATEGORY_ID, CATEGORY_NAME) VALUES(1,'LP');
INSERT INTO CATEGORY(CATEGORY_ID, CATEGORY_NAME) VALUES(2,'포켓몬');
INSERT INTO CATEGORY(CATEGORY_ID, CATEGORY_NAME) VALUES(3,'아이돌');

--POST 초기화
-- INSERT INTO POST(POST_ID, USER_ID, POST_TITLE, POST_CONTENT, CATEGORY_ID, WANT_IMAGE, HAVE_IMAGE, IS_CLOSED, IS_CHECKED, CREATED_AT) VALUES(1,1,'이승기 LP 팝니다', '하자없고 미개봉입니다.', 1, 'https://pbs.twimg.com/media/EVykiMUUEAAliYf?format=jpg&name=large','https://pbs.twimg.com/media/EVykiMUUEAAliYf?format=jpg&name=large', FALSE, FALSE, '2021-08-01T15:41:20')
-- INSERT INTO POST(POST_ID, USER_ID, POST_TITLE, POST_CONTENT, CATEGORY_ID, WANT_IMAGE, HAVE_IMAGE, IS_CLOSED, IS_CHECKED, CREATED_AT) VALUES(2,1,'잔나비 LP 팝니다', '하자없고 미개봉입니다.', 1, 'https://pbs.twimg.com/media/EVykiMUUEAAliYf?format=jpg&name=large','http://m.drgroove.co.kr/web/product/big/201905/bae7ada1843143c79fc71e636803d144.jpg',  FALSE, FALSE, '2021-08-01T15:41:20')
-- INSERT INTO POST(POST_ID, USER_ID, POST_TITLE, POST_CONTENT, CATEGORY_ID, WANT_IMAGE, HAVE_IMAGE, IS_CLOSED, IS_CHECKED, CREATED_AT) VALUES(3,1,'울루불루 LP 팝니다', '하자없고 미개봉입니다.', 1, 'https://pbs.twimg.com/media/EVykiMUUEAAliYf?format=jpg&name=large','https://image.yes24.com/usedshop/2020/0818/524046f2-0581-4a7e-85bd-510965f088f4.jpg', FALSE, FALSE, '2021-08-01T15:41:20')
-- INSERT INTO POST(POST_ID, USER_ID, POST_TITLE, POST_CONTENT, CATEGORY_ID, WANT_IMAGE, HAVE_IMAGE, IS_CLOSED, IS_CHECKED, CREATED_AT) VALUES(4,1,'얄리얄라 LP 팝니다', '하자없고 미개봉입니다.', 1, 'https://pbs.twimg.com/media/EVykiMUUEAAliYf?format=jpg&name=large','https://media.bunjang.co.kr/product/181740740_1_1647066353_w360.jpg', FALSE, FALSE, '2021-08-01T15:41:20')

-- HAVE_GOODS 초기화
-- INSERT INTO HAVE_GOODS(HAVE_ID, GOODS_ID, POST_ID)VALUES (1, 1, 1);
-- INSERT INTO HAVE_GOODS(HAVE_ID, GOODS_ID, POST_ID) VALUES(2, 3, 2);
-- INSERT INTO HAVE_GOODS(HAVE_ID, GOODS_ID, POST_ID) VALUES(3, 4, 2);
-- INSERT INTO HAVE_GOODS(HAVE_ID, GOODS_ID, POST_ID) VALUES(4, 5, 3);
-- INSERT INTO HAVE_GOODS(HAVE_ID, GOODS_ID, POST_ID) VALUES(5, 6, 3);


-- WANT_GOODS 초기화
-- INSERT INTO WANT_GOODS(WANT_ID, GOODS_ID, POST_ID)VALUES (1, 3, 1);
-- INSERT INTO WANT_GOODS(WANT_ID, GOODS_ID, POST_ID) VALUES(2, 5, 2);
-- INSERT INTO WANT_GOODS(WANT_ID, GOODS_ID, POST_ID) VALUES(3, 6, 2);
-- INSERT INTO WANT_GOODS(WANT_ID, GOODS_ID, POST_ID) VALUES(4, 2, 3);
-- INSERT INTO WANT_GOODS(WANT_ID, GOODS_ID, POST_ID) VALUES(5, 1, 4);
